

-- -8<- [start:student]
delete from STUDENT;
insert into STUDENT (Id,no,name,gender,age,dept) 
values ('X0','X0','X0','X0',0,'X0'); 
insert into STUDENT (Id,no,name,gender,age,dept) 
values ('X1','X1','X1','X1',1,'X1'); 
insert into STUDENT (Id,no,name,gender,age,dept) 
values ('X2','X2','X2','X2',2,'X2'); 
insert into STUDENT (Id,no,name,gender,age,dept) 
values ('X3','X3','X3','X3',3,'X3'); 
-- -8<- [end:student]


-- -8<- [start:course]
delete from COURSE;
insert into COURSE (Id,no,name,PreNo,credit) 
values ('X0','X0','X0','X0',3.3); 
insert into COURSE (Id,no,name,PreNo,credit) 
values ('X1','X1','X1','X1',3.3); 
insert into COURSE (Id,no,name,PreNo,credit) 
values ('X2','X2','X2','X2',3.3); 
insert into COURSE (Id,no,name,PreNo,credit) 
values ('X3','X3','X3','X3',3.3); 
insert into COURSE (Id,no,name,PreNo,credit) 
values ('X4','X4','X4','X4',3.3); 
insert into COURSE (Id,no,name,PreNo,credit) 
values ('X5','X5','X5','X5',3.3); 
insert into COURSE (Id,no,name,PreNo,credit) 
values ('X6','X6','X6','X6',3.3); 
insert into COURSE (Id,no,name,PreNo,credit) 
values ('X7','X7','X7','X7',3.3); 
insert into COURSE (Id,no,name,PreNo,credit) 
values ('X8','X8','X8','X8',3.3); 
insert into COURSE (Id,no,name,PreNo,credit) 
values ('X9','X9','X9','X9',3.3); 
insert into COURSE (Id,no,name,PreNo,credit) 
values ('X10','X10','X10','X10',3.3); 
insert into COURSE (Id,no,name,PreNo,credit) 
values ('X11','X11','X11','X11',3.3); 
insert into COURSE (Id,no,name,PreNo,credit) 
values ('X12','X12','X12','X12',3.3); 
-- -8<- [end:course]


-- -8<- [start:stucourse]
delete from STUCOURSE;
insert into STUCOURSE (Id,CourseNo,StuNo,Grade) 
values ('X0','X0','X0',3.3); 
insert into STUCOURSE (Id,CourseNo,StuNo,Grade) 
values ('X1','X1','X1',3.3); 
insert into STUCOURSE (Id,CourseNo,StuNo,Grade) 
values ('X2','X2','X2',3.3); 
insert into STUCOURSE (Id,CourseNo,StuNo,Grade) 
values ('X3','X3','X3',3.3); 
insert into STUCOURSE (Id,CourseNo,StuNo,Grade) 
values ('X4','X4','X4',3.3); 
insert into STUCOURSE (Id,CourseNo,StuNo,Grade) 
values ('X5','X5','X5',3.3); 
insert into STUCOURSE (Id,CourseNo,StuNo,Grade) 
values ('X6','X6','X6',3.3); 
insert into STUCOURSE (Id,CourseNo,StuNo,Grade) 
values ('X7','X7','X7',3.3); 
insert into STUCOURSE (Id,CourseNo,StuNo,Grade) 
values ('X8','X8','X8',3.3); 
insert into STUCOURSE (Id,CourseNo,StuNo,Grade) 
values ('X9','X9','X9',3.3); 
insert into STUCOURSE (Id,CourseNo,StuNo,Grade) 
values ('X10','X10','X10',3.3); 
insert into STUCOURSE (Id,CourseNo,StuNo,Grade) 
values ('X11','X11','X11',3.3); 
insert into STUCOURSE (Id,CourseNo,StuNo,Grade) 
values ('X12','X12','X12',3.3); 
-- -8<- [end:stucourse]
